{
    "Context(Season: low, Customer: new, Commodity: high)": {
        "TEU-0": {
            "alpha": 3,
            "beta": 21,
            "prob_success": 0.125
        },
        "TEU-1": {
            "alpha": 18,
            "beta": 76,
            "prob_success": 0.19148936170212766
        },
        "TEU-2": {
            "alpha": 8,
            "beta": 58,
            "prob_success": 0.12121212121212122
        },
        "FEU-0": {
            "alpha": 3,
            "beta": 21,
            "prob_success": 0.125
        },
        "FEU-1": {
            "alpha": 18,
            "beta": 76,
            "prob_success": 0.19148936170212766
        },
        "FEU-2": {
            "alpha": 8,
            "beta": 58,
            "prob_success": 0.12121212121212122
        },
        "HC-0": {
            "alpha": 3,
            "beta": 21,
            "prob_success": 0.125
        },
        "HC-1": {
            "alpha": 18,
            "beta": 76,
            "prob_success": 0.19148936170212766
        },
        "HC-2": {
            "alpha": 8,
            "beta": 58,
            "prob_success": 0.12121212121212122
        },
        "REEF-0": {
            "alpha": 3,
            "beta": 21,
            "prob_success": 0.125
        },
        "REEF-1": {
            "alpha": 18,
            "beta": 76,
            "prob_success": 0.19148936170212766
        },
        "REEF-2": {
            "alpha": 8,
            "beta": 58,
            "prob_success": 0.12121212121212122
        }
    },
    "Context(Season: low, Customer: new, Commodity: low)": {
        "TEU-0": {
            "alpha": 22,
            "beta": 111,
            "prob_success": 0.16541353383458646
        },
        "TEU-1": {
            "alpha": 9,
            "beta": 64,
            "prob_success": 0.1232876712328767
        },
        "TEU-2": {
            "alpha": 4,
            "beta": 40,
            "prob_success": 0.09090909090909091
        },
        "FEU-0": {
            "alpha": 22,
            "beta": 111,
            "prob_success": 0.16541353383458646
        },
        "FEU-1": {
            "alpha": 9,
            "beta": 64,
            "prob_success": 0.1232876712328767
        },
        "FEU-2": {
            "alpha": 4,
            "beta": 40,
            "prob_success": 0.09090909090909091
        },
        "HC-0": {
            "alpha": 22,
            "beta": 111,
            "prob_success": 0.16541353383458646
        },
        "HC-1": {
            "alpha": 9,
            "beta": 64,
            "prob_success": 0.1232876712328767
        },
        "HC-2": {
            "alpha": 4,
            "beta": 40,
            "prob_success": 0.09090909090909091
        },
        "REEF-0": {
            "alpha": 22,
            "beta": 111,
            "prob_success": 0.16541353383458646
        },
        "REEF-1": {
            "alpha": 9,
            "beta": 64,
            "prob_success": 0.1232876712328767
        },
        "REEF-2": {
            "alpha": 4,
            "beta": 40,
            "prob_success": 0.09090909090909091
        }
    },
    "Context(Season: low, Customer: recurring, Commodity: high)": {
        "TEU-0": {
            "alpha": 2,
            "beta": 12,
            "prob_success": 0.14285714285714285
        },
        "TEU-1": {
            "alpha": 3,
            "beta": 19,
            "prob_success": 0.13636363636363635
        },
        "TEU-2": {
            "alpha": 12,
            "beta": 68,
            "prob_success": 0.15
        },
        "FEU-0": {
            "alpha": 2,
            "beta": 12,
            "prob_success": 0.14285714285714285
        },
        "FEU-1": {
            "alpha": 3,
            "beta": 19,
            "prob_success": 0.13636363636363635
        },
        "FEU-2": {
            "alpha": 12,
            "beta": 68,
            "prob_success": 0.15
        },
        "HC-0": {
            "alpha": 2,
            "beta": 12,
            "prob_success": 0.14285714285714285
        },
        "HC-1": {
            "alpha": 3,
            "beta": 19,
            "prob_success": 0.13636363636363635
        },
        "HC-2": {
            "alpha": 12,
            "beta": 68,
            "prob_success": 0.15
        },
        "REEF-0": {
            "alpha": 2,
            "beta": 12,
            "prob_success": 0.14285714285714285
        },
        "REEF-1": {
            "alpha": 3,
            "beta": 19,
            "prob_success": 0.13636363636363635
        },
        "REEF-2": {
            "alpha": 12,
            "beta": 68,
            "prob_success": 0.15
        }
    },
    "Context(Season: low, Customer: recurring, Commodity: low)": {
        "TEU-0": {
            "alpha": 2,
            "beta": 20,
            "prob_success": 0.09090909090909091
        },
        "TEU-1": {
            "alpha": 2,
            "beta": 32,
            "prob_success": 0.058823529411764705
        },
        "TEU-2": {
            "alpha": 16,
            "beta": 121,
            "prob_success": 0.11678832116788321
        },
        "FEU-0": {
            "alpha": 2,
            "beta": 20,
            "prob_success": 0.09090909090909091
        },
        "FEU-1": {
            "alpha": 2,
            "beta": 32,
            "prob_success": 0.058823529411764705
        },
        "FEU-2": {
            "alpha": 16,
            "beta": 121,
            "prob_success": 0.11678832116788321
        },
        "HC-0": {
            "alpha": 2,
            "beta": 20,
            "prob_success": 0.09090909090909091
        },
        "HC-1": {
            "alpha": 2,
            "beta": 32,
            "prob_success": 0.058823529411764705
        },
        "HC-2": {
            "alpha": 16,
            "beta": 121,
            "prob_success": 0.11678832116788321
        },
        "REEF-0": {
            "alpha": 2,
            "beta": 20,
            "prob_success": 0.09090909090909091
        },
        "REEF-1": {
            "alpha": 2,
            "beta": 32,
            "prob_success": 0.058823529411764705
        },
        "REEF-2": {
            "alpha": 16,
            "beta": 121,
            "prob_success": 0.11678832116788321
        }
    },
    "Context(Season: mid, Customer: new, Commodity: high)": {
        "TEU-0": {
            "alpha": 1,
            "beta": 1,
            "prob_success": 0.5
        },
        "TEU-1": {
            "alpha": 1,
            "beta": 1,
            "prob_success": 0.5
        },
        "TEU-2": {
            "alpha": 1,
            "beta": 1,
            "prob_success": 0.5
        },
        "FEU-0": {
            "alpha": 1,
            "beta": 1,
            "prob_success": 0.5
        },
        "FEU-1": {
            "alpha": 1,
            "beta": 1,
            "prob_success": 0.5
        },
        "FEU-2": {
            "alpha": 1,
            "beta": 1,
            "prob_success": 0.5
        },
        "HC-0": {
            "alpha": 1,
            "beta": 1,
            "prob_success": 0.5
        },
        "HC-1": {
            "alpha": 1,
            "beta": 1,
            "prob_success": 0.5
        },
        "HC-2": {
            "alpha": 1,
            "beta": 1,
            "prob_success": 0.5
        },
        "REEF-0": {
            "alpha": 1,
            "beta": 1,
            "prob_success": 0.5
        },
        "REEF-1": {
            "alpha": 1,
            "beta": 1,
            "prob_success": 0.5
        },
        "REEF-2": {
            "alpha": 1,
            "beta": 1,
            "prob_success": 0.5
        }
    },
    "Context(Season: mid, Customer: new, Commodity: low)": {
        "TEU-0": {
            "alpha": 1,
            "beta": 1,
            "prob_success": 0.5
        },
        "TEU-1": {
            "alpha": 1,
            "beta": 1,
            "prob_success": 0.5
        },
        "TEU-2": {
            "alpha": 1,
            "beta": 1,