{
    "Context(Season: low, Customer: new, Commodity: high)": {
        "TEU-0": {
            "alpha": 5,
            "beta": 16,
            "prob_success": 0.23809523809523808
        },
        "TEU-1": {
            "alpha": 5,
            "beta": 32,
            "prob_success": 0.13513513513513514
        },
        "TEU-2": {
            "alpha": 7,
            "beta": 62,
            "prob_success": 0.10144927536231885
        },
        "FEU-0": {
            "alpha": 4,
            "beta": 13,
            "prob_success": 0.23529411764705882
        },
        "FEU-1": {
            "alpha": 1,
            "beta": 27,
            "prob_success": 0.03571428571428571
        },
        "FEU-2": {
            "alpha": 7,
            "beta": 48,
            "prob_success": 0.12727272727272726
        },
        "HC-0": {
            "alpha": 3,
            "beta": 11,
            "prob_success": 0.21428571428571427
        },
        "HC-1": {
            "alpha": 4,
            "beta": 14,
            "prob_success": 0.2222222222222222
        },
        "HC-2": {
            "alpha": 5,
            "beta": 40,
            "prob_success": 0.1111111111111111
        },
        "REEF-0": {
            "alpha": 1,
            "beta": 1,
            "prob_success": 0.5
        },
        "REEF-1": {
            "alpha": 1,
            "beta": 1,
            "prob_success": 0.5
        },
        "REEF-2": {
            "alpha": 1,
            "beta": 1,
            "prob_success": 0.5
        }
    },
    "Context(Season: low, Customer: new, Commodity: low)": {
        "TEU-0": {
            "alpha": 8,
            "beta": 28,
            "prob_success": 0.2222222222222222
        },
        "TEU-1": {
            "alpha": 7,
            "beta": 50,
            "prob_success": 0.12280701754385964
        },
        "TEU-2": {
            "alpha": 7,
            "beta": 86,
            "prob_success": 0.07526881720430108
        },
        "FEU-0": {
            "alpha": 3,
            "beta": 19,
            "prob_success": 0.13636363636363635
        },
        "FEU-1": {
            "alpha": 7,
            "beta": 32,
            "prob_success": 0.1794871794871795
        },
        "FEU-2": {
            "alpha": 6,
            "beta": 63,
            "prob_success": 0.08695652173913043
        },
        "HC-0": {
            "alpha": 4,
            "beta": 18,
            "prob_success": 0.18181818181818182
        },
        "HC-1": {
            "alpha": 5,
            "beta": 32,
            "prob_success": 0.13513513513513514
        },
        "HC-2": {
            "alpha": 5,
            "beta": 42,
            "prob_success": 0.10638297872340426
        },
        "REEF-0": {
            "alpha": 1,
            "beta": 1,
            "prob_success": 0.5
        },
        "REEF-1": {
            "alpha": 1,
            "beta": 1,
            "prob_success": 0.5
        },
        "REEF-2": {
            "alpha": 1,
            "beta": 1,
            "prob_success": 0.5
        }
    },
    "Context(Season: low, Customer: recurring, Commodity: high)": {
        "TEU-0": {
            "alpha": 4,
            "beta": 16,
            "prob_success": 0.2
        },
        "TEU-1": {
            "alpha": 2,
            "beta": 21,
            "prob_success": 0.08695652173913043
        },
        "TEU-2": {
            "alpha": 7,
            "beta": 35,
            "prob_success": 0.16666666666666666
        },
        "FEU-0": {
            "alpha": 2,
            "beta": 11,
            "prob_success": 0.15384615384615385
        },
        "FEU-1": {
            "alpha": 3,
            "beta": 16,
            "prob_success": 0.15789473684210525
        },
        "FEU-2": {
            "alpha": 4,
            "beta": 22,
            "prob_success": 0.15384615384615385
        },
        "HC-0": {
            "alpha": 2,
            "beta": 8,
            "prob_success": 0.2
        },
        "HC-1": {
            "alpha": 1,
            "beta": 11,
            "prob_success": 0.08333333333333333
        },
        "HC-2": {
            "alpha": 2,
            "beta": 10,
            "prob_success": 0.16666666666666666
        },
        "REEF-0": {
            "alpha": 1,
            "beta": 1,
            "prob_success": 0.5
        },
        "REEF-1": {
            "alpha": 1,
            "beta": 1,
            "prob_success": 0.5
        },
        "REEF-2": {
            "alpha": 1,
            "beta": 2,
            "prob_success": 0.3333333333333333
        }
    },
    "Context(Season: low, Customer: recurring, Commodity: low)": {
        "TEU-0": {
            "alpha": 10,
            "beta": 35,
            "prob_success": 0.2222222222222222
        },
        "TEU-1": {
            "alpha": 4,
            "beta": 25,
            "prob_success": 0.13793103448275862
        },
        "TEU-2": {
            "alpha": 8,
            "beta": 61,
            "prob_success": 0.11594202898550725
        },
        "FEU-0": {
            "alpha": 6,
            "beta": 19,
            "prob_success": 0.24
        },
        "FEU-1": {
            "alpha": 1,
            "beta": 17,
            "prob_success": 0.05555555555555555
        },
        "FEU-2": {
            "alpha": 4,
            "beta": 41,
            "prob_success": 0.08888888888888889
        },
        "HC-0": {
            "alpha": 6,
            "beta": 18,
            "prob_success": 0.25
        },
        "HC-1": {
            "alpha": 1,
            "beta": 11,
            "prob_success": 0.08333333333333333
        },
        "HC-2": {
            "alpha": 3,
            "beta": 33,
            "prob_success": 0.08333333333333333
        },
        "REEF-0": {
            "alpha": 1,
            "beta": 1,
            "prob_success": 0.5
        },
        "REEF-1": {
            "alpha": 1,
            "beta": 1,
            "prob_success": 0.5
        },
        "REEF-2": {
            "alpha": 1,
            "beta": 1,
            "prob_success": 0.5
        }
    },
    "Context(Season: mid, Customer: new, Commodity: high)": {
        "TEU-0": {
            "alpha": 1,
            "beta": 1,
            "prob_success": 0.5
        },
        "TEU-1": {
            "alpha": 1,
            "beta": 1,
            "prob_success": 0.5
        },
        "TEU-2": {
            "alpha": 1,
            "beta": 1,
            "prob_success": 0.5
        },
        "FEU-0": {
            "alpha": 1,
            "beta": 1,
            "prob_success": 0.5
        },
        "FEU-1": {
            "alpha": 1,
            "beta": 1,
            "prob_success": 0.5
        },
        "FEU-2": {
            "alpha": 1,
            "beta": 1,
            "prob_success": 0.5
        },
        "HC-0": {
            "alpha": 1,
            "beta": 1,
            "prob_success": 0.5
        },
        "HC-1": {
            "alpha": 1,
            "beta": 1,
            "prob_success": 0.5
        },
        "HC-2": {
            "alpha": 1,
            "beta": 1,
            "prob_success": 0.5
        },
        "REEF-0": {
            "alpha": 1,
            "beta": 1,
            "prob_success": 0.5
        },
        "REEF-1": {
            "alpha": 1,
            "beta": 1,
            "prob_success": 0.5
        },
        "REEF-2": {
            "alpha": 1,
            "beta": 1,
            "prob_success": 0.5
        }
    },
    "Context(Season: mid, Customer: new, Commodity: low)": {
        "TEU-0": {
            "alpha": 1,
            "beta": 1,
            "prob_success": 0.5
        },
        "TEU-1": {
            "alpha": 1,
            "beta": 1,
            "prob_success": 0.5
        },
        "TEU-2": {
            "alpha": 1,
            "beta": 1,
            "prob_success": 0.5
        },
        "FEU-0": {
            "alpha": 1,
            "beta": 1,
            "prob_success": 0.5
        },
        "FEU-1": {
            "alpha": 1,