{
    "Context(Season: low, Customer: new, Commodity: high)": {
        "TEU-0": {
            "alpha": 4,
            "beta": 16,
            "prob_success": 0.2
        },
        "TEU-1": {
            "alpha": 5,
            "beta": 28,
            "prob_success": 0.15151515151515152
        },
        "TEU-2": {
            "alpha": 16,
            "beta": 98,
            "prob_success": 0.14035087719298245
        },
        "FEU-0": {
            "alpha": 4,
            "beta": 16,
            "prob_success": 0.2
        },
        "FEU-1": {
            "alpha": 5,
            "beta": 28,
            "prob_success": 0.15151515151515152
        },
        "FEU-2": {
            "alpha": 16,
            "beta": 98,
            "prob_success": 0.14035087719298245
        },
        "HC-0": {
            "alpha": 4,
            "beta": 16,
            "prob_success": 0.2
        },
        "HC-1": {
            "alpha": 5,
            "beta": 28,
            "prob_success": 0.15151515151515152
        },
        "HC-2": {
            "alpha": 16,
            "beta": 98,
            "prob_success": 0.14035087719298245
        },
        "REEF-0": {
            "alpha": 4,
            "beta": 16,
            "prob_success": 0.2
        },
        "REEF-1": {
            "alpha": 5,
            "beta": 28,
            "prob_success": 0.15151515151515152
        },
        "REEF-2": {
            "alpha": 16,
            "beta": 98,
            "prob_success": 0.14035087719298245
        }
    },
    "Context(Season: low, Customer: new, Commodity: low)": {
        "TEU-0": {
            "alpha": 2,
            "beta": 16,
            "prob_success": 0.1111111111111111
        },
        "TEU-1": {
            "alpha": 14,
            "beta": 84,
            "prob_success": 0.14285714285714285
        },
        "TEU-2": {
            "alpha": 9,
            "beta": 97,
            "prob_success": 0.08490566037735849
        },
        "FEU-0": {
            "alpha": 2,
            "beta": 16,
            "prob_success": 0.1111111111111111
        },
        "FEU-1": {
            "alpha": 14,
            "beta": 84,
            "prob_success": 0.14285714285714285
        },
        "FEU-2": {
            "alpha": 9,
            "beta": 97,
            "prob_success": 0.08490566037735849
        },
        "HC-0": {
            "alpha": 2,
            "beta": 16,
            "prob_success": 0.1111111111111111
        },
        "HC-1": {
            "alpha": 14,
            "beta": 84,
            "prob_success": 0.14285714285714285
        },
        "HC-2": {
            "alpha": 9,
            "beta": 97,
            "prob_success": 0.08490566037735849
        },
        "REEF-0": {
            "alpha": 2,
            "beta": 16,
            "prob_success": 0.1111111111111111
        },
        "REEF-1": {
            "alpha": 14,
            "beta": 84,
            "prob_success": 0.14285714285714285
        },
        "REEF-2": {
            "alpha": 9,
            "beta": 97,
            "prob_success": 0.08490566037735849
        }
    },
    "Context(Season: low, Customer: recurring, Commodity: high)": {
        "TEU-0": {
            "alpha": 3,
            "beta": 8,
            "prob_success": 0.2727272727272727
        },
        "TEU-1": {
            "alpha": 3,
            "beta": 9,
            "prob_success": 0.25
        },
        "TEU-2": {
            "alpha": 9,
            "beta": 49,
            "prob_success": 0.15517241379310345
        },
        "FEU-0": {
            "alpha": 3,
            "beta": 8,
            "prob_success": 0.2727272727272727
        },
        "FEU-1": {
            "alpha": 3,
            "beta": 9,
            "prob_success": 0.25
        },
        "FEU-2": {
            "alpha": 9,
            "beta": 49,
            "prob_success": 0.15517241379310345
        },
        "HC-0": {
            "alpha": 3,
            "beta": 8,
            "prob_success": 0.2727272727272727
        },
        "HC-1": {
            "alpha": 3,
            "beta": 9,
            "prob_success": 0.25
        },
        "HC-2": {
            "alpha": 9,
            "beta": 49,
            "prob_success": 0.15517241379310345
        },
        "REEF-0": {
            "alpha": 3,
            "beta": 8,
            "prob_success": 0.2727272727272727
        },
        "REEF-1": {
            "alpha": 3,
            "beta": 9,
            "prob_success": 0.25
        },
        "REEF-2": {
            "alpha": 9,
            "beta": 49,
            "prob_success": 0.15517241379310345
        }
    },
    "Context(Season: low, Customer: recurring, Commodity: low)": {
        "TEU-0": {
            "alpha": 11,
            "beta": 47,
            "prob_success": 0.1896551724137931
        },
        "TEU-1": {
            "alpha": 7,
            "beta": 43,
            "prob_success": 0.14
        },
        "TEU-2": {
            "alpha": 5,
            "beta": 57,
            "prob_success": 0.08064516129032258
        },
        "FEU-0": {
            "alpha": 11,
            "beta": 47,
            "prob_success": 0.1896551724137931
        },
        "FEU-1": {
            "alpha": 7,
            "beta": 43,
            "prob_success": 0.14
        },
        "FEU-2": {
            "alpha": 5,
            "beta": 57,
            "prob_success": 0.08064516129032258
        },
        "HC-0": {
            "alpha": 11,
            "beta": 47,
            "prob_success": 0.1896551724137931
        },
        "HC-1": {
            "alpha": 7,
            "beta": 43,
            "prob_success": 0.14
        },
        "HC-2": {
            "alpha": 5,
            "beta": 57,
            "prob_success": 0.08064516129032258
        },
        "REEF-0": {
            "alpha": 11,
            "beta": 47,
            "prob_success": 0.1896551724137931
        },
        "REEF-1": {
            "alpha": 7,
            "beta": 43,
            "prob_success": 0.14
        },
        "REEF-2": {
            "alpha": 5,
            "beta": 57,
            "prob_success": 0.08064516129032258
        }
    },
    "Context(Season: mid, Customer: new, Commodity: high)": {
        "TEU-0": {
            "alpha": 1,
            "beta": 1,
            "prob_success": 0.5
        },
        "TEU-1": {
            "alpha": 1,
            "beta": 1,
            "prob_success": 0.5
        },
        "TEU-2": {
            "alpha": 1,
            "beta": 1,
            "prob_success": 0.5
        },
        "FEU-0": {
            "alpha": 1,
            "beta": 1,
            "prob_success": 0.5
        },
        "FEU-1": {
            "alpha": 1,
            "beta": 1,
            "prob_success": 0.5
        },
        "FEU-2": {
            "alpha": 1,
            "beta": 1,
            "prob_success": 0.5
        },
        "HC-0": {
            "alpha": 1,
            "beta": 1,
            "prob_success": 0.5
        },
        "HC-1": {
            "alpha": 1,
            "beta": 1,
            "prob_success": 0.5
        },
        "HC-2": {
            "alpha": 1,
            "beta": 1,
            "prob_success": 0.5
        },
        "REEF-0": {
            "alpha": 1,
            "beta": 1,
            "prob_success": 0.5
        },
        "REEF-1": {
            "alpha": 1,
            "beta": 1,
            "prob_success": 0.5
        },
        "REEF-2": {
            "alpha": 1,
            "beta": 1,
            "prob_success": 0.5
        }
    },
    "Context(Season: mid, Customer: new, Commodity: low)": {
        "TEU-0": {
            "alpha": 1,
            "beta": 1,
            "prob_success": 0.5
        },
        "TEU-1": {
            "alpha": 1,
            "beta": 1,
            "prob_success": 0.5
        },
        "TEU-2": {
            "alpha": 1,
            "beta": 1,
            "prob_success": 0.5
        },
        "FEU-0": {
            "alpha": 1,
            "beta": 1,