{
    "Context(Season: low, Customer: new, Commodity: high)": {
        "TEU-0": {
            "alpha": 5,
            "beta": 23,
            "prob_success": 0.17857142857142858
        },
        "TEU-1": {
            "alpha": 9,
            "beta": 35,
            "prob_success": 0.20454545454545456
        },
        "TEU-2": {
            "alpha": 5,
            "beta": 53,
            "prob_success": 0.08620689655172414
        },
        "FEU-0": {
            "alpha": 5,
            "beta": 17,
            "prob_success": 0.22727272727272727
        },
        "FEU-1": {
            "alpha": 4,
            "beta": 27,
            "prob_success": 0.12903225806451613
        },
        "FEU-2": {
            "alpha": 5,
            "beta": 45,
            "prob_success": 0.1
        },
        "HC-0": {
            "alpha": 5,
            "beta": 18,
            "prob_success": 0.21739130434782608
        },
        "HC-1": {
            "alpha": 5,
            "beta": 21,
            "prob_success": 0.19230769230769232
        },
        "HC-2": {
            "alpha": 4,
            "beta": 26,
            "prob_success": 0.13333333333333333
        },
        "REEF-0": {
            "alpha": 1,
            "beta": 1,
            "prob_success": 0.5
        },
        "REEF-1": {
            "alpha": 1,
            "beta": 1,
            "prob_success": 0.5
        },
        "REEF-2": {
            "alpha": 1,
            "beta": 1,
            "prob_success": 0.5
        }
    },
    "Context(Season: low, Customer: new, Commodity: low)": {
        "TEU-0": {
            "alpha": 8,
            "beta": 51,
            "prob_success": 0.13559322033898305
        },
        "TEU-1": {
            "alpha": 12,
            "beta": 49,
            "prob_success": 0.19672131147540983
        },
        "TEU-2": {
            "alpha": 4,
            "beta": 65,
            "prob_success": 0.057971014492753624
        },
        "FEU-0": {
            "alpha": 8,
            "beta": 32,
            "prob_success": 0.2
        },
        "FEU-1": {
            "alpha": 9,
            "beta": 36,
            "prob_success": 0.2
        },
        "FEU-2": {
            "alpha": 2,
            "beta": 43,
            "prob_success": 0.044444444444444446
        },
        "HC-0": {
            "alpha": 5,
            "beta": 24,
            "prob_success": 0.1724137931034483
        },
        "HC-1": {
            "alpha": 7,
            "beta": 33,
            "prob_success": 0.175
        },
        "HC-2": {
            "alpha": 3,
            "beta": 35,
            "prob_success": 0.07894736842105263
        },
        "REEF-0": {
            "alpha": 1,
            "beta": 1,
            "prob_success": 0.5
        },
        "REEF-1": {
            "alpha": 1,
            "beta": 1,
            "prob_success": 0.5
        },
        "REEF-2": {
            "alpha": 1,
            "beta": 1,
            "prob_success": 0.5
        }
    },
    "Context(Season: low, Customer: recurring, Commodity: high)": {
        "TEU-0": {
            "alpha": 5,
            "beta": 25,
            "prob_success": 0.16666666666666666
        },
        "TEU-1": {
            "alpha": 4,
            "beta": 27,
            "prob_success": 0.12903225806451613
        },
        "TEU-2": {
            "alpha": 5,
            "beta": 25,
            "prob_success": 0.16666666666666666
        },
        "FEU-0": {
            "alpha": 4,
            "beta": 17,
            "prob_success": 0.19047619047619047
        },
        "FEU-1": {
            "alpha": 3,
            "beta": 17,
            "prob_success": 0.15
        },
        "FEU-2": {
            "alpha": 4,
            "beta": 20,
            "prob_success": 0.16666666666666666
        },
        "HC-0": {
            "alpha": 5,
            "beta": 11,
            "prob_success": 0.3125
        },
        "HC-1": {
            "alpha": 1,
            "beta": 8,
            "prob_success": 0.1111111111111111
        },
        "HC-2": {
            "alpha": 1,
            "beta": 12,
            "prob_success": 0.07692307692307693
        },
        "REEF-0": {
            "alpha": 1,
            "beta": 1,
            "prob_success": 0.5
        },
        "REEF-1": {
            "alpha": 1,
            "beta": 1,
            "prob_success": 0.5
        },
        "REEF-2": {
            "alpha": 1,
            "beta": 2,
            "prob_success": 0.3333333333333333
        }
    },
    "Context(Season: low, Customer: recurring, Commodity: low)": {
        "TEU-0": {
            "alpha": 3,
            "beta": 26,
            "prob_success": 0.10344827586206896
        },
        "TEU-1": {
            "alpha": 4,
            "beta": 46,
            "prob_success": 0.08
        },
        "TEU-2": {
            "alpha": 11,
            "beta": 58,
            "prob_success": 0.15942028985507245
        },
        "FEU-0": {
            "alpha": 2,
            "beta": 14,
            "prob_success": 0.125
        },
        "FEU-1": {
            "alpha": 3,
            "beta": 31,
            "prob_success": 0.08823529411764706
        },
        "FEU-2": {
            "alpha": 2,
            "beta": 42,
            "prob_success": 0.045454545454545456
        },
        "HC-0": {
            "alpha": 1,
            "beta": 14,
            "prob_success": 0.06666666666666667
        },
        "HC-1": {
            "alpha": 1,
            "beta": 24,
            "prob_success": 0.04
        },
        "HC-2": {
            "alpha": 4,
            "beta": 30,
            "prob_success": 0.11764705882352941
        },
        "REEF-0": {
            "alpha": 1,
            "beta": 1,
            "prob_success": 0.5
        },
        "REEF-1": {
            "alpha": 1,
            "beta": 1,
            "prob_success": 0.5
        },
        "REEF-2": {
            "alpha": 1,
            "beta": 1,
            "prob_success": 0.5
        }
    },
    "Context(Season: mid, Customer: new, Commodity: high)": {
        "TEU-0": {
            "alpha": 1,
            "beta": 1,
            "prob_success": 0.5
        },
        "TEU-1": {
            "alpha": 1,
            "beta": 1,
            "prob_success": 0.5
        },
        "TEU-2": {
            "alpha": 1,
            "beta": 1,
            "prob_success": 0.5
        },
        "FEU-0": {
            "alpha": 1,
            "beta": 1,
            "prob_success": 0.5
        },
        "FEU-1": {
            "alpha": 1,
            "beta": 1,
            "prob_success": 0.5
        },
        "FEU-2": {
            "alpha": 1,
            "beta": 1,
            "prob_success": 0.5
        },
        "HC-0": {
            "alpha": 1,
            "beta": 1,
            "prob_success": 0.5
        },
        "HC-1": {
            "alpha": 1,
            "beta": 1,
            "prob_success": 0.5
        },
        "HC-2": {
            "alpha": 1,
            "beta": 1,
            "prob_success": 0.5
        },
        "REEF-0": {
            "alpha": 1,
            "beta": 1,
            "prob_success": 0.5
        },
        "REEF-1": {
            "alpha": 1,
            "beta": 1,
            "prob_success": 0.5
        },
        "REEF-2": {
            "alpha": 1,
            "beta": 1,
            "prob_success": 0.5
        }
    },
    "Context(Season: mid, Customer: new, Commodity: low)": {
        "TEU-0": {
            "alpha": 1,
            "beta": 1,
            "prob_success": 0.5
        },
        "TEU-1": {
            "alpha": 1,
            "beta": 1,
            "prob_success": 0.5
        },
        "TEU-2": {
            "alpha": 1,
            "beta": 1,
            "prob_success": 0.5
        },
        "FEU-0": {
            "alpha": 1,
            "beta": 1,
            "prob_success": 0.5
        },
        "FEU-1": {
            "alpha": 1,
            "beta": 1,
            "prob_success": 0.5
        },