{
    "Context(Season: low, Customer: new, Commodity: high)": {
        "TEU-0": {
            "alpha": 16,
            "beta": 32,
            "prob_success": 0.3333333333333333
        },
        "TEU-1": {
            "alpha": 6,
            "beta": 30,
            "prob_success": 0.16666666666666666
        },
        "TEU-2": {
            "alpha": 26,
            "beta": 135,
            "prob_success": 0.16149068322981366
        },
        "FEU-0": {
            "alpha": 16,
            "beta": 32,
            "prob_success": 0.3333333333333333
        },
        "FEU-1": {
            "alpha": 6,
            "beta": 30,
            "prob_success": 0.16666666666666666
        },
        "FEU-2": {
            "alpha": 26,
            "beta": 135,
            "prob_success": 0.16149068322981366
        },
        "HC-0": {
            "alpha": 16,
            "beta": 32,
            "prob_success": 0.3333333333333333
        },
        "HC-1": {
            "alpha": 6,
            "beta": 30,
            "prob_success": 0.16666666666666666
        },
        "HC-2": {
            "alpha": 26,
            "beta": 135,
            "prob_success": 0.16149068322981366
        },
        "REEF-0": {
            "alpha": 16,
            "beta": 32,
            "prob_success": 0.3333333333333333
        },
        "REEF-1": {
            "alpha": 6,
            "beta": 30,
            "prob_success": 0.16666666666666666
        },
        "REEF-2": {
            "alpha": 26,
            "beta": 135,
            "prob_success": 0.16149068322981366
        }
    },
    "Context(Season: low, Customer: new, Commodity: low)": {
        "TEU-0": {
            "alpha": 7,
            "beta": 15,
            "prob_success": 0.3181818181818182
        },
        "TEU-1": {
            "alpha": 1,
            "beta": 9,
            "prob_success": 0.1
        },
        "TEU-2": {
            "alpha": 49,
            "beta": 244,
            "prob_success": 0.16723549488054607
        },
        "FEU-0": {
            "alpha": 7,
            "beta": 15,
            "prob_success": 0.3181818181818182
        },
        "FEU-1": {
            "alpha": 1,
            "beta": 9,
            "prob_success": 0.1
        },
        "FEU-2": {
            "alpha": 49,
            "beta": 244,
            "prob_success": 0.16723549488054607
        },
        "HC-0": {
            "alpha": 7,
            "beta": 15,
            "prob_success": 0.3181818181818182
        },
        "HC-1": {
            "alpha": 1,
            "beta": 9,
            "prob_success": 0.1
        },
        "HC-2": {
            "alpha": 49,
            "beta": 244,
            "prob_success": 0.16723549488054607
        },
        "REEF-0": {
            "alpha": 7,
            "beta": 15,
            "prob_success": 0.3181818181818182
        },
        "REEF-1": {
            "alpha": 1,
            "beta": 9,
            "prob_success": 0.1
        },
        "REEF-2": {
            "alpha": 49,
            "beta": 244,
            "prob_success": 0.16723549488054607
        }
    },
    "Context(Season: low, Customer: recurring, Commodity: high)": {
        "TEU-0": {
            "alpha": 1,
            "beta": 1,
            "prob_success": 0.5
        },
        "TEU-1": {
            "alpha": 1,
            "beta": 4,
            "prob_success": 0.2
        },
        "TEU-2": {
            "alpha": 28,
            "beta": 107,
            "prob_success": 0.2074074074074074
        },
        "FEU-0": {
            "alpha": 1,
            "beta": 1,
            "prob_success": 0.5
        },
        "FEU-1": {
            "alpha": 1,
            "beta": 4,
            "prob_success": 0.2
        },
        "FEU-2": {
            "alpha": 28,
            "beta": 107,
            "prob_success": 0.2074074074074074
        },
        "HC-0": {
            "alpha": 1,
            "beta": 1,
            "prob_success": 0.5
        },
        "HC-1": {
            "alpha": 1,
            "beta": 4,
            "prob_success": 0.2
        },
        "HC-2": {
            "alpha": 28,
            "beta": 107,
            "prob_success": 0.2074074074074074
        },
        "REEF-0": {
            "alpha": 1,
            "beta": 1,
            "prob_success": 0.5
        },
        "REEF-1": {
            "alpha": 1,
            "beta": 4,
            "prob_success": 0.2
        },
        "REEF-2": {
            "alpha": 28,
            "beta": 107,
            "prob_success": 0.2074074074074074
        }
    },
    "Context(Season: low, Customer: recurring, Commodity: low)": {
        "TEU-0": {
            "alpha": 26,
            "beta": 52,
            "prob_success": 0.3333333333333333
        },
        "TEU-1": {
            "alpha": 3,
            "beta": 31,
            "prob_success": 0.08823529411764706
        },
        "TEU-2": {
            "alpha": 20,
            "beta": 129,
            "prob_success": 0.1342281879194631
        },
        "FEU-0": {
            "alpha": 26,
            "beta": 52,
            "prob_success": 0.3333333333333333
        },
        "FEU-1": {
            "alpha": 3,
            "beta": 31,
            "prob_success": 0.08823529411764706
        },
        "FEU-2": {
            "alpha": 20,
            "beta": 129,
            "prob_success": 0.1342281879194631
        },
        "HC-0": {
            "alpha": 26,
            "beta": 52,
            "prob_success": 0.3333333333333333
        },
        "HC-1": {
            "alpha": 3,
            "beta": 31,
            "prob_success": 0.08823529411764706
        },
        "HC-2": {
            "alpha": 20,
            "beta": 129,
            "prob_success": 0.1342281879194631
        },
        "REEF-0": {
            "alpha": 26,
            "beta": 52,
            "prob_success": 0.3333333333333333
        },
        "REEF-1": {
            "alpha": 3,
            "beta": 31,
            "prob_success": 0.08823529411764706
        },
        "REEF-2": {
            "alpha": 20,
            "beta": 129,
            "prob_success": 0.1342281879194631
        }
    },
    "Context(Season: mid, Customer: new, Commodity: high)": {
        "TEU-0": {
            "alpha": 1,
            "beta": 1,
            "prob_success": 0.5
        },
        "TEU-1": {
            "alpha": 1,
            "beta": 1,
            "prob_success": 0.5
        },
        "TEU-2": {
            "alpha": 1,
            "beta": 1,
            "prob_success": 0.5
        },
        "FEU-0": {
            "alpha": 1,
            "beta": 1,
            "prob_success": 0.5
        },
        "FEU-1": {
            "alpha": 1,
            "beta": 1,
            "prob_success": 0.5
        },
        "FEU-2": {
            "alpha": 1,
            "beta": 1,
            "prob_success": 0.5
        },
        "HC-0": {
            "alpha": 1,
            "beta": 1,
            "prob_success": 0.5
        },
        "HC-1": {
            "alpha": 1,
            "beta": 1,
            "prob_success": 0.5
        },
        "HC-2": {
            "alpha": 1,
            "beta": 1,
            "prob_success": 0.5
        },
        "REEF-0": {
            "alpha": 1,
            "beta": 1,
            "prob_success": 0.5
        },
        "REEF-1": {
            "alpha": 1,
            "beta": 1,
            "prob_success": 0.5
        },
        "REEF-2": {
            "alpha": 1,
            "beta": 1,
            "prob_success": 0.5
        }
    },
    "Context(Season: mid, Customer: new, Commodity: low)": {
        "TEU-0": {
            "alpha": 1,
            "beta": 1,
            "prob_success": 0.5
        },
        "TEU-1": {
            "alpha": 1,
            "beta": 1,
            "prob_success": 0.5
        },
        "TEU-2": {
            "alpha": 1,
            "beta": 1,
            "prob_success": 0.5
        },
        "FEU-0": {
            "alpha": 1,
            "beta": 1,