{
    "Context(Season: low, Customer: new, Commodity: high)": {
        "TEU-0": {
            "alpha": 11,
            "beta": 35,
            "prob_success": 0.2391304347826087
        },
        "TEU-1": {
            "alpha": 5,
            "beta": 23,
            "prob_success": 0.17857142857142858
        },
        "TEU-2": {
            "alpha": 3,
            "beta": 53,
            "prob_success": 0.05357142857142857
        },
        "FEU-0": {
            "alpha": 9,
            "beta": 32,
            "prob_success": 0.21951219512195122
        },
        "FEU-1": {
            "alpha": 5,
            "beta": 15,
            "prob_success": 0.25
        },
        "FEU-2": {
            "alpha": 2,
            "beta": 40,
            "prob_success": 0.047619047619047616
        },
        "HC-0": {
            "alpha": 12,
            "beta": 23,
            "prob_success": 0.34285714285714286
        },
        "HC-1": {
            "alpha": 1,
            "beta": 14,
            "prob_success": 0.06666666666666667
        },
        "HC-2": {
            "alpha": 3,
            "beta": 26,
            "prob_success": 0.10344827586206896
        },
        "REEF-0": {
            "alpha": 1,
            "beta": 1,
            "prob_success": 0.5
        },
        "REEF-1": {
            "alpha": 1,
            "beta": 1,
            "prob_success": 0.5
        },
        "REEF-2": {
            "alpha": 1,
            "beta": 1,
            "prob_success": 0.5
        }
    },
    "Context(Season: low, Customer: new, Commodity: low)": {
        "TEU-0": {
            "alpha": 15,
            "beta": 50,
            "prob_success": 0.23076923076923078
        },
        "TEU-1": {
            "alpha": 4,
            "beta": 42,
            "prob_success": 0.08695652173913043
        },
        "TEU-2": {
            "alpha": 5,
            "beta": 73,
            "prob_success": 0.0641025641025641
        },
        "FEU-0": {
            "alpha": 8,
            "beta": 33,
            "prob_success": 0.1951219512195122
        },
        "FEU-1": {
            "alpha": 4,
            "beta": 27,
            "prob_success": 0.12903225806451613
        },
        "FEU-2": {
            "alpha": 6,
            "beta": 53,
            "prob_success": 0.1016949152542373
        },
        "HC-0": {
            "alpha": 6,
            "beta": 26,
            "prob_success": 0.1875
        },
        "HC-1": {
            "alpha": 3,
            "beta": 17,
            "prob_success": 0.15
        },
        "HC-2": {
            "alpha": 4,
            "beta": 50,
            "prob_success": 0.07407407407407407
        },
        "REEF-0": {
            "alpha": 1,
            "beta": 1,
            "prob_success": 0.5
        },
        "REEF-1": {
            "alpha": 1,
            "beta": 1,
            "prob_success": 0.5
        },
        "REEF-2": {
            "alpha": 1,
            "beta": 1,
            "prob_success": 0.5
        }
    },
    "Context(Season: low, Customer: recurring, Commodity: high)": {
        "TEU-0": {
            "alpha": 1,
            "beta": 11,
            "prob_success": 0.08333333333333333
        },
        "TEU-1": {
            "alpha": 7,
            "beta": 31,
            "prob_success": 0.18421052631578946
        },
        "TEU-2": {
            "alpha": 5,
            "beta": 36,
            "prob_success": 0.12195121951219512
        },
        "FEU-0": {
            "alpha": 1,
            "beta": 8,
            "prob_success": 0.1111111111111111
        },
        "FEU-1": {
            "alpha": 6,
            "beta": 27,
            "prob_success": 0.18181818181818182
        },
        "FEU-2": {
            "alpha": 3,
            "beta": 20,
            "prob_success": 0.13043478260869565
        },
        "HC-0": {
            "alpha": 1,
            "beta": 4,
            "prob_success": 0.2
        },
        "HC-1": {
            "alpha": 3,
            "beta": 17,
            "prob_success": 0.15
        },
        "HC-2": {
            "alpha": 2,
            "beta": 11,
            "prob_success": 0.15384615384615385
        },
        "REEF-0": {
            "alpha": 1,
            "beta": 1,
            "prob_success": 0.5
        },
        "REEF-1": {
            "alpha": 2,
            "beta": 1,
            "prob_success": 0.6666666666666666
        },
        "REEF-2": {
            "alpha": 1,
            "beta": 1,
            "prob_success": 0.5
        }
    },
    "Context(Season: low, Customer: recurring, Commodity: low)": {
        "TEU-0": {
            "alpha": 7,
            "beta": 29,
            "prob_success": 0.19444444444444445
        },
        "TEU-1": {
            "alpha": 7,
            "beta": 36,
            "prob_success": 0.16279069767441862
        },
        "TEU-2": {
            "alpha": 7,
            "beta": 60,
            "prob_success": 0.1044776119402985
        },
        "FEU-0": {
            "alpha": 5,
            "beta": 20,
            "prob_success": 0.2
        },
        "FEU-1": {
            "alpha": 3,
            "beta": 27,
            "prob_success": 0.1
        },
        "FEU-2": {
            "alpha": 3,
            "beta": 36,
            "prob_success": 0.07692307692307693
        },
        "HC-0": {
            "alpha": 3,
            "beta": 11,
            "prob_success": 0.21428571428571427
        },
        "HC-1": {
            "alpha": 4,
            "beta": 22,
            "prob_success": 0.15384615384615385
        },
        "HC-2": {
            "alpha": 2,
            "beta": 32,
            "prob_success": 0.058823529411764705
        },
        "REEF-0": {
            "alpha": 1,
            "beta": 1,
            "prob_success": 0.5
        },
        "REEF-1": {
            "alpha": 1,
            "beta": 1,
            "prob_success": 0.5
        },
        "REEF-2": {
            "alpha": 1,
            "beta": 1,
            "prob_success": 0.5
        }
    },
    "Context(Season: mid, Customer: new, Commodity: high)": {
        "TEU-0": {
            "alpha": 1,
            "beta": 1,
            "prob_success": 0.5
        },
        "TEU-1": {
            "alpha": 1,
            "beta": 1,
            "prob_success": 0.5
        },
        "TEU-2": {
            "alpha": 1,
            "beta": 1,
            "prob_success": 0.5
        },
        "FEU-0": {
            "alpha": 1,
            "beta": 1,
            "prob_success": 0.5
        },
        "FEU-1": {
            "alpha": 1,
            "beta": 1,
            "prob_success": 0.5
        },
        "FEU-2": {
            "alpha": 1,
            "beta": 1,
            "prob_success": 0.5
        },
        "HC-0": {
            "alpha": 1,
            "beta": 1,
            "prob_success": 0.5
        },
        "HC-1": {
            "alpha": 1,
            "beta": 1,
            "prob_success": 0.5
        },
        "HC-2": {
            "alpha": 1,
            "beta": 1,
            "prob_success": 0.5
        },
        "REEF-0": {
            "alpha": 1,
            "beta": 1,
            "prob_success": 0.5
        },
        "REEF-1": {
            "alpha": 1,
            "beta": 1,
            "prob_success": 0.5
        },
        "REEF-2": {
            "alpha": 1,
            "beta": 1,
            "prob_success": 0.5
        }
    },
    "Context(Season: mid, Customer: new, Commodity: low)": {
        "TEU-0": {
            "alpha": 1,
            "beta": 1,
            "prob_success": 0.5
        },
        "TEU-1": {
            "alpha": 1,
            "beta": 1,
            "prob_success": 0.5
        },
        "TEU-2": {
            "alpha": 1,
            "beta": 1,
            "prob_success": 0.5
        },
        "FEU-0": {
            "alpha": 1,
            "beta": 1,
            "prob_success": 0.5
        },
        "FEU-1": {
            "alpha": 1,
            "beta": 1,